wkt_geom;fid;Art;Anzahl Individuen;Bemerkung;Datum;Lat N;Lon E;Uuid;Status
Point (109482.92755966227559838 345714.57665309141157195);1;Saatkrähe;1;;30.03.2025;345714.5767;109482.9276;e371f7b4-ff15-4676-a57c-fad6f155db87;Besetzt
Point (109481.86978973068471532 345713.93845385272288695);2;Saatkrähe;1;;30.03.2025;345713.9385;109481.8698;03d43148-5df0-4ea4-89af-9628b06cdc49;Besetzt
Point (109473.15132982761133462 345716.01079572946764529);3;Saatkrähe;1;;30.03.2025;345716.0108;109473.1513;c52f2af9-d859-4abd-bf89-7a3851d71ef0;Besetzt
Point (109464.6973797663958976 345709.66334638412808999);4;Saatkrähe;1;;30.03.2025;345709.6633;109464.6974;cbf6dbc6-86cd-4d43-a8d4-bcf6c5530fb2;Besetzt
Point (109463.66042192920576781 345714.78532867593457922);5;Saatkrähe;1;;30.03.2025;345714.7853;109463.6604;4d3ab1c6-c4c6-4dea-bbf6-73553d69a542;Besetzt
Point (109457.43495290189457592 345711.97778753470629454);6;Saatkrähe;6;;30.03.2025;345711.9778;109457.435;e227494e-74e3-4856-a430-ae51b96209ea;Besetzt
Point (109447.81361373382969759 345709.18766893167048693);7;Saatkrähe;1;;30.03.2025;345709.1877;109447.8136;01784e0c-873b-4a7e-bf88-98736fcb6449;Besetzt
Point (109444.08897493056429084 345706.86917795857880265);8;Saatkrähe;1;;30.03.2025;345706.8692;109444.089;f6078865-e0c6-43a0-9db5-867cb6558ddd;Besetzt
Point (109434.86616061048698612 345700.60831744858296588);9;Saatkrähe;3;;30.03.2025;345700.6083;109434.8662;0337dd84-7321-4298-ac5e-4e04ca54186d;Besetzt
Point (109451.32953573424310889 345720.10477301164064556);10;Saatkrähe;1;;30.03.2025;345720.1048;109451.3295;f7527669-fbfa-4361-9613-6827579dcf34;Besetzt
Point (109526.94817781924211886 346015.57025370153132826);11;Saatkrähe;1;;30.03.2025;346015.5703;109526.9482;991f26a1-3797-483d-b427-e83e842848d2;Besetzt
Point (109519.51575199162471108 346015.67480605299351737);12;Saatkrähe;1;;30.03.2025;346015.6748;109519.5158;cea1c9e3-9962-40ef-b9d4-6838a594e5aa;Besetzt
Point (109520.96747816770221107 346023.84791672381106764);13;Saatkrähe;2;;30.03.2025;346023.8479;109520.9675;3a184366-e4da-4313-abd2-0053f3e8dc05;Besetzt
Point (109514.21344025447615422 346025.27147155808052048);14;Saatkrähe;1;;30.03.2025;346025.2715;109514.2134;0162e0d1-3ad8-4442-adb5-142d4d1301ca;Besetzt
Point (109506.50447620160412043 346032.56756431655958295);15;Saatkrähe;1;;30.03.2025;346032.5676;109506.5045;8f2c9f81-b264-4d5a-a9b8-1dc6f45745e0;Besetzt
Point (109490.4622261301119579 346028.35213376517640427);16;Saatkrähe;1;;30.03.2025;346028.3521;109490.4622;b7b09aa7-0862-4740-8164-d5b3e55f2712;Besetzt
Point (109801.63081896782387048 346240.28934272128390148);19;Saatkrähe;1;;30.03.2025;346240.2893;109801.6308;a701cbe5-9587-44d4-a057-3b674087011a;Besetzt
Point (109821.14657387402257882 346244.95735947787761688);20;Saatkrähe;1;;30.03.2025;346244.9574;109821.1466;db33ee4b-2956-4e2b-ba76-e85672dff068;Besetzt
Point (109823.6471182290406432 346249.19041099265450612);21;Saatkrähe;2;;30.03.2025;346249.1904;109823.6471;e0b0a9a3-1fdb-4ccb-a16f-bc652d043dc3;Besetzt
Point (109841.02239627664675936 346285.52310293435584754);22;Saatkrähe;1;;30.03.2025;346285.5231;109841.0224;c25be723-b3d8-4e20-a369-29d618f15548;Besetzt
Point (109837.15594993026752491 346235.77186169993365183);23;Saatkrähe;1;;30.03.2025;346235.7719;109837.1559;39e50714-d9d9-4d0f-81e5-0fc4f7ed30d4;Besetzt
Point (109828.17403718530840706 346216.5489670354872942);24;Saatkrähe;3;;30.03.2025;346216.549;109828.174;5d240ca9-00f2-4bd0-9324-23f34277276d;Besetzt
Point (109093.36545415254659019 348904.70544772350694984);26;Saatkrähe;1;;30.03.2025;348904.7054;109093.3655;fe7639c7-9bab-4d08-9e64-904f45d12e2c;Besetzt
Point (109096.31606304478191305 348907.20047202438581735);27;Saatkrähe;1;;30.03.2025;348907.2005;109096.3161;75d4d536-4b90-453f-a4ba-2d8862e68c09;Besetzt
Point (109102.11832431463699322 348908.51342773932265118);28;Saatkrähe;1;;30.03.2025;348908.5134;109102.1183;2507b6cc-fd1c-4860-ad6e-1b002e32e815;Besetzt
Point (109095.10374044449417852 348920.55297445214819163);29;Saatkrähe;3;;30.03.2025;348920.553;109095.1037;82ddfff8-8931-4428-a871-004702d5d013;Besetzt
Point (109092.04211954359197989 348922.37984966830117628);30;Saatkrähe;1;;30.03.2025;348922.3798;109092.0421;edb27c39-5962-4f4c-af04-f013206e79f6;Besetzt
Point (109090.54532091399596538 348916.9016594952554442);31;Saatkrähe;1;;30.03.2025;348916.9017;109090.5453;a2bbf1d6-79f9-4f29-8e3c-fd6ce019e23d;Besetzt
Point (109086.20724960022198502 348916.99190593062667176);32;Saatkrähe;1;;30.03.2025;348916.9919;109086.2072;6172d05c-5eeb-48df-8277-6901669dea40;Besetzt
Point (109086.03965704688744154 348920.48586319538298994);33;Saatkrähe;1;;30.03.2025;348920.4859;109086.0397;992ae7c2-cee5-436a-b06a-3f446468fc56;Besetzt
Point (109106.73425032694649417 348909.6018809697125107);34;Saatkrähe;1;;30.03.2025;348909.6019;109106.7343;e516ecf3-bcd1-42af-85eb-b17f1c8dcfa8;Besetzt
Point (109109.18565138670965098 348914.85470037360209972);35;Saatkrähe;1;;30.03.2025;348914.8547;109109.1857;4f5b8729-9822-4a68-8c4b-9d50274c4abd;Besetzt
Point (109111.44321200253034476 348914.00487472902750596);36;Saatkrähe;1;;30.03.2025;348914.0049;109111.4432;bc9bfd8e-e5ef-498e-af15-8396be9c060b;Besetzt
Point (109110.27033127647882793 348916.73333869897760451);37;Saatkrähe;1;;30.03.2025;348916.7333;109110.2703;d6d08555-9a55-4ec8-9339-eb5991a55903;Besetzt
Point (109110.59371607289358508 348921.00762445648433641);38;Saatkrähe;1;;30.03.2025;348921.0076;109110.5937;3180cc32-e309-4cc8-9032-47bff2332e61;Besetzt
Point (109106.69623280405357946 348920.68059973273193464);39;Saatkrähe;1;;30.03.2025;348920.6806;109106.6962;99349876-7cb9-4b53-bb7f-4daac058a40a;Besetzt
Point (109117.66877256667066831 348917.61028942797565833);40;Saatkrähe;1;;30.03.2025;348917.6103;109117.6688;b6a709f1-5501-41c2-a4a6-6ace5c6741bb;Besetzt
Point (109114.17895093988045119 348922.95749272120883688);41;Saatkrähe;2;;30.03.2025;348922.9575;109114.179;facc62bc-8a13-47df-a56d-b314f0879e7d;Besetzt
Point (109114.00917339706211351 348922.95519888948183507);42;Saatkrähe;1;;30.03.2025;348922.9552;109114.0092;4c9945cf-6f45-4982-8dd8-884abce37961;Besetzt
Point (109115.44820503660594113 348932.24571912636747584);43;Saatkrähe;2;;30.03.2025;348932.2457;109115.4482;2670b450-f554-48c9-8255-2d4294e9633d;Besetzt
Point (109110.16825168901414145 348932.61195037420839071);44;Saatkrähe;3;;30.03.2025;348932.612;109110.1683;30c317d1-6cd9-45e7-995e-4d4853a23a03;Besetzt
Point (109114.06224479973025154 348939.42808965855510905);45;Saatkrähe;2;;30.03.2025;348939.4281;109114.0622;df813bac-e9a1-4cb1-803d-16e0641a18dd;Besetzt
Point (109118.59877936661359854 348938.2829315495910123);46;Saatkrähe;1;;30.03.2025;348938.2829;109118.5988;de5ee31b-f75d-49dd-8e81-1ff5050a1eec;Besetzt
Point (109121.03679345398268197 348937.88695635565090925);47;Saatkrähe;1;;30.03.2025;348937.887;109121.0368;afa9d87c-6776-497b-acd6-5cb3f70fff98;Besetzt
Point (109119.49526956408226397 348939.77682908670976758);48;Saatkrähe;3;;30.03.2025;348939.7768;109119.4953;29967395-381c-44ba-a9d3-ce062980c2ee;Besetzt
Point (109121.64132105438329745 348939.36620837723603472);49;Saatkrähe;4;;30.03.2025;348939.3662;109121.6413;4abcdb94-5188-4b7a-afd4-69a7019b6b0b;Besetzt
Point (109115.48102630834910087 348939.65453538834117353);50;Saatkrähe;4;;30.03.2025;348939.6545;109115.481;2ebbffc5-ccad-46d1-b128-2ba7d1a2c4e5;Besetzt
Point (109125.83059367434179876 348943.23683541704667732);51;Saatkrähe;2;;30.03.2025;348943.2368;109125.8306;61b16899-ae71-472b-a951-8ab51ab556ee;Besetzt
Point (109126.01100067154038697 348945.42240886116633192);52;Saatkrähe;3;;30.03.2025;348945.4224;109126.011;f1adff2d-d5af-4a3e-a3a2-761856796d7c;Besetzt
Point (109122.29668613734247629 348946.68178547301795334);53;Saatkrähe;4;;30.03.2025;348946.6818;109122.2967;8e3c7dfa-4a86-43cd-8f0b-485bf6c63497;Besetzt
Point (109122.26388467609649524 348948.5996640200028196);54;Saatkrähe;2;;30.03.2025;348948.5997;109122.2639;74cab49b-6945-45f7-a4f3-231ee67f3895;Besetzt
Point (109126.63963560022239108 348950.48550982761662453);55;Saatkrähe;2;;30.03.2025;348950.4855;109126.6396;bae4beab-f29f-4a31-b613-077ac7f095fd;Besetzt
Point (109128.75701352684700396 348952.83088399498956278);56;Saatkrähe;1;;30.03.2025;348952.8309;109128.757;a237d5b0-9bd8-467c-8c52-209092cde823;Besetzt
Point (109123.41322133061476052 348952.37901682662777603);57;Saatkrähe;4;;30.03.2025;348952.379;109123.4132;21ebb7dc-e6b3-46ed-86bc-634bb9345e0e;Besetzt
Point (109122.8025762294564629 348951.59597007493721321);58;Saatkrähe;1;;30.03.2025;348951.596;109122.8026;f2c2acd0-33eb-4489-bc05-c254c6d5eb33;Besetzt
Point (109121.09098326972161885 348952.24567001586547121);59;Saatkrähe;1;;30.03.2025;348952.2457;109121.091;a4fdcec9-c92a-49a6-91d7-4922fdabc32b;Besetzt
Point (109121.11975813932076562 348952.29221146448981017);60;Saatkrähe;1;;30.03.2025;348952.2922;109121.1198;3b49bf2b-4125-4b3f-bf33-d064cde89140;Besetzt
Point (109121.10978537819755729 348952.28196096076862887);61;Saatkrähe;3;;30.03.2025;348952.282;109121.1098;a56bc572-068e-4037-ae3b-00e079659a0d;Besetzt
Point (109114.97530194860883057 348953.0248569292598404);62;Saatkrähe;1;;30.03.2025;348953.0249;109114.9753;d7930e86-42b8-4434-9895-00860baac466;Besetzt
Point (109116.05129352194489911 348951.56169285153737292);63;Saatkrähe;1;;30.03.2025;348951.5617;109116.0513;0851053f-6aff-46e5-a885-8c55f888f93b;Besetzt
Point (109115.33808826214226428 348951.38890657958108932);64;Saatkrähe;2;;30.03.2025;348951.3889;109115.3381;fac45902-1e57-419c-8ab7-d76cd9103e06;Besetzt
Point (109115.34773057636630256 348951.38489299698267132);65;Saatkrähe;2;;30.03.2025;348951.3849;109115.3477;324092b1-399f-4f90-9e46-c9f0a9f2af0a;Besetzt
Point (109111.05896303844929207 348952.8956555463373661);66;Saatkrähe;1;;30.03.2025;348952.8957;109111.059;effd5077-a493-4978-a247-4e7bb6ada00b;Besetzt
Point (109110.16457246632489841 348952.68712630867958069);67;Saatkrähe;1;;30.03.2025;348952.6871;109110.1646;4a6990c6-2b9e-4571-bf86-41867cd0acf8;Besetzt
Point (109107.8895726353948703 348952.02313226682599634);68;Saatkrähe;2;;30.03.2025;348952.0231;109107.8896;a98b72c9-72f8-448c-a242-2c7ceed2efab;Besetzt
Point (109104.23454652210057247 348948.10472230473533273);69;Saatkrähe;1;;30.03.2025;348948.1047;109104.2345;df4c9f22-ebca-48bd-b2af-98120159d9fb;Besetzt
Point (109102.03592982188274618 348948.42193563614273444);70;Saatkrähe;1;;30.03.2025;348948.4219;109102.0359;52179ba5-480f-45d0-afaa-68543021fb38;Besetzt
Point (109102.12760732196329627 348948.21039022586774081);71;Saatkrähe;1;;30.03.2025;348948.2104;109102.1276;27fb3ae8-6288-4b09-8dbb-77d33516d350;Besetzt
Point (109101.5874316910339985 348950.01250381022691727);72;Saatkrähe;1;Aufgegeben;30.03.2025;348950.0125;109101.5874;cc31d91a-285c-4a6c-b38f-97e447bb74e1;Verlassen
Point (109098.85498320258921012 348949.61524548928719014);73;Saatkrähe;1;Aufgegeben;30.03.2025;348949.6152;109098.855;cd9f8d0c-6e93-42c5-ac83-5dc05acb09ad;Verlassen
Point (109095.30508974676195066 348950.62331485230242833);74;Saatkrähe;8;;30.03.2025;348950.6233;109095.3051;8e2869a4-5944-4c74-8953-cee73cb5aa1a;Besetzt
Point (109097.79485042669693939 348945.31733564235037193);75;Saatkrähe;1;;30.03.2025;348945.3173;109097.7949;a03f472a-1745-44d2-8ca3-c0ddafef368c;Besetzt
Point (106631.18439462278911378 344446.0478048151708208);76;Saatkrähe;2;;30.03.2025;344446.0478;106631.1844;dd4b6269-f5bc-45e6-ac72-4536404b29d2;Verlassen
Point (106610.96391841942386236 344442.85509804612956941);77;Saatkrähe;1;Aufgegeben;30.03.2025;344442.8551;106610.9639;7be53590-e107-47f1-be69-9c6f45b9437d;Verlassen
Point (106632.69448667221877258 344504.92227312788600102);80;Saatkrähe;2;;30.03.2025;344504.9223;106632.6945;50891e85-3971-4963-9e9d-bec1182e998d;Besetzt
Point (106641.27786813005513977 344498.81342204340035096);81;Saatkrähe;1;;30.03.2025;344498.8134;106641.2779;440d538c-be25-444f-b52d-74f2afcebd49;Besetzt
Point (106638.56736510198970791 344514.05249642388662323);82;Saatkrähe;1;;30.03.2025;344514.0525;106638.5674;4e325d45-04a5-402f-a1be-612f568b8340;Besetzt
Point (106665.90409281666507013 344512.90009209437994286);83;Saatkrähe;1;;30.03.2025;344512.9001;106665.9041;729f5de1-499c-4973-847d-6c2072be2a23;Besetzt
Point (106678.18959911550336983 344517.12608275341335684);84;Saatkrähe;1;;30.03.2025;344517.1261;106678.1896;7a22b36d-fbf0-4993-aaae-523d7fd68193;Besetzt
Point (106331.00201904974528588 343056.02398378867655993);86;Saatkrähe;12;gesamte Kolonie aufgegeben;30.03.2025;343056.024;106331.002;0c9c2bbe-4813-4aee-9605-975ec41f2c34;Verlassen
Point (106280.74279812235909048 343035.42601866781478748);87;Saatkrähe;1;Aufgegeben;30.03.2025;343035.426;106280.7428;8daf9136-6c63-499f-91cb-0eb2e55bd3d2;Verlassen
Point (106199.97937254504358862 343085.04887411370873451);88;Saatkrähe;8;gesamte Kolonie aufgegeben;30.03.2025;343085.0489;106199.9794;4027497b-81cd-4b74-98f4-8ecf5fa4e7ae;Verlassen
Point (105768.87469926777703222 342762.19932040583807975);89;Saatkrähe;5;Aufgegeben;30.03.2025;342762.1993;105768.8747;f6b32cc5-a540-4558-91ac-d3ec8afe8c02;Verlassen
Point (105698.95592018560273573 342765.62765081139514223);90;Saatkrähe;10;gesamte Kolonie aufgegeben;30.03.2025;342765.6277;105698.9559;1d44e94a-c74a-440d-ad05-ed54b9740d31;Verlassen
Point (105657.80873348338354845 342766.69162365893134847);91;Saatkrähe;4;;30.03.2025;342766.6916;105657.8087;7cf76f77-2e47-40eb-b19e-c926ecb0a32e;Besetzt
Point (105580.51508042166824453 342873.20878703874768689);93;Saatkrähe;2;;30.03.2025;342873.2088;105580.5151;98e1ebd8-0c14-49e5-8548-8299e41423fd;Besetzt
Point (105577.87744529145129491 342917.8303588989074342);94;Saatkrähe;1;;30.03.2025;342917.8304;105577.8774;72271e49-5535-4ff2-8ee4-ee846e70b97f;Besetzt
Point (105582.3181259981211042 342912.08032484666910022);95;Saatkrähe;1;Aufgegeben;30.03.2025;342912.0803;105582.3181;352fc84a-cf8b-4757-8205-2f67201b7fd2;Verlassen
Point (105619.16815014707390219 342997.70857283537043259);96;Saatkrähe;2;;30.03.2025;342997.7086;105619.1682;88a4a6f9-44c7-49c0-8662-3e9d6a0b4b11;Besetzt
Point (104361.96564443645183928 344455.44774901686469093);98;Saatkrähe;2;;30.03.2025;344455.4477;104361.9656;48d2b7de-165c-4b16-ae41-42b8c3f372f1;Besetzt
Point (104367.92827644498902373 344456.77097282506292686);99;Saatkrähe;1;;30.03.2025;344456.771;104367.9283;45769a48-c683-4dc9-926b-74460cb2daff;Besetzt
Point (104367.59352451124868821 344451.24744597671087831);100;Saatkrähe;1;;30.03.2025;344451.2474;104367.5935;e967527f-c3e0-41f8-af1b-3274d345d724;Besetzt
Point (104367.71665282847243361 344451.37284856400219724);101;Saatkrähe;1;;30.03.2025;344451.3728;104367.7167;1af860b1-c305-4253-806e-b41f70261e5e;Besetzt
Point (104362.00338397109590005 344448.5446029391605407);102;Saatkrähe;1;;30.03.2025;344448.5446;104362.0034;df5c24d3-d669-4acf-bb12-bf8257a00f39;Besetzt
Point (104353.41183826435008086 344451.30853885289980099);103;Saatkrähe;2;;30.03.2025;344451.3085;104353.4118;d4fe8cb0-4718-4084-a09f-061d9c6afe4c;Besetzt
Point (104348.38118278684851248 344449.56963118177372962);104;Saatkrähe;8;;30.03.2025;344449.5696;104348.3812;a7553d0d-2ec7-4121-a582-fff3cbaae239;Besetzt
Point (104347.24644570414966438 344442.09934773336863145);105;Saatkrähe;6;;30.03.2025;344442.0993;104347.2464;d40bca3a-748d-4752-826d-59e968ea1431;Besetzt
Point (104355.10399448081443552 344439.1121088225627318);106;Saatkrähe;2;;30.03.2025;344439.1121;104355.104;1b665786-7078-463a-ac1a-c4830cafb92d;Besetzt
Point (104355.18424553581280634 344433.30378366500372067);107;Saatkrähe;1;;30.03.2025;344433.3038;104355.1842;31fe7bf6-94c4-4f20-b058-07a68561d33b;Besetzt
Point (104351.59849402593681589 344433.58397761231753975);108;Saatkrähe;2;;30.03.2025;344433.584;104351.5985;c42b60f2-8515-4f3a-bd82-c4c1c1cd922e;Besetzt
Point (104350.5415478459908627 344423.71597881644265726);109;Saatkrähe;3;;30.03.2025;344423.716;104350.5415;7be9bbc5-22e1-46e7-89cf-4529ef53828a;Besetzt
Point (104351.72682130814064294 344418.32342353416606784);110;Saatkrähe;2;;30.03.2025;344418.3234;104351.7268;39fcb583-f36e-43d2-a1bc-225de5062985;Besetzt
Point (104358.18441176868509501 344421.31213473773095757);111;Saatkrähe;5;;30.03.2025;344421.3121;104358.1844;0314c79d-68e3-4789-82e7-180737e2f52e;Besetzt
Point (104358.62025928957154974 344413.88927466084714979);112;Saatkrähe;6;;30.03.2025;344413.8893;104358.6203;5f2bdc12-ef64-46f9-86c4-3aea81bc6375;Besetzt
Point (104351.54922222408640664 344437.15461584867443889);113;Saatkrähe;7;;30.03.2025;344437.1546;104351.5492;d345239d-4249-47b7-874e-e1871a9aa5fe;Besetzt
Point (104205.2457579574547708 344790.96643902978394181);115;Saatkrähe;4;;16.04.2025;344790.9664;104205.2458;6b6d7e6e-70e8-41ea-8091-dabdcf5f9f6b;Besetzt
Point (104209.65174314141040668 344782.49339059903286397);116;Saatkrähe;1;;16.04.2025;344782.4934;104209.6517;3d6992bd-8f1f-494d-a409-c8574433a78b;Besetzt
Point (104202.61290791294595692 344780.03434181882767007);117;Saatkrähe;1;;16.04.2025;344780.0343;104202.6129;ae633aca-9b5f-4693-81f7-0a9e661c0ae9;Besetzt
Point (104195.42794808867620304 344779.48668094351887703);118;Saatkrähe;1;;16.04.2025;344779.4867;104195.4279;6e30f0da-e673-41f2-8dde-cdc25a86af7b;Besetzt
Point (104192.14746288687456399 344784.64892508077900857);119;Saatkrähe;1;;16.04.2025;344784.6489;104192.1475;b7f7cfbf-cf36-46ef-be5a-0f11cce1cf91;Besetzt
Point (104186.63063790707383305 344785.68142886611167341);120;Saatkrähe;4;;16.04.2025;344785.6814;104186.6306;d792f516-7286-41d0-8571-4bc88b620ece;Besetzt
Point (104188.87374750930757727 344778.19467510603135452);121;Saatkrähe;1;;16.04.2025;344778.1947;104188.8737;91bc3ca3-45dd-4833-afd2-514289c7c5aa;Besetzt
Point (104186.03046581835951656 344788.86571822641417384);122;Saatkrähe;1;;16.04.2025;344788.8657;104186.0305;a9fd5ad1-2dea-410e-83f2-f6b8902e98be;Besetzt
Point (104183.08875229947443586 344781.77827011869521812);123;Saatkrähe;3;;16.04.2025;344781.7783;104183.0888;5dd52ddb-c31f-4ba3-9186-4e3d21740c8e;Besetzt
Point (104179.88619004139036406 344782.27744230406824499);124;Saatkrähe;2;;16.04.2025;344782.2774;104179.8862;e8b3ae44-aae0-4b93-8ebb-f35fc4a961c3;Besetzt
Point (104179.05324930591450538 344776.59391549020074308);125;Saatkrähe;2;;16.04.2025;344776.5939;104179.0532;dffc72b1-7d83-447b-a793-ef70ba42ba2a;Besetzt
Point (104176.34404412105504889 344783.40498745976947248);126;Saatkrähe;1;;16.04.2025;344783.405;104176.344;dd455dc2-e293-494f-baab-fb0f0571f419;Besetzt
Point (104174.33283832079905551 344784.79438936559017748);127;Saatkrähe;1;;16.04.2025;344784.7944;104174.3328;c379c65b-fe89-4036-bda8-74c3fa91764c;Besetzt
Point (106622.05338624803698622 344488.64505729032680392);128;Saatkrähe;1;;16.04.2025;344488.6451;106622.0534;ac22c3d1-7532-4e09-8255-cd45e04eec3b;Besetzt
Point (106627.19953483060817234 344497.22574420145247132);129;Saatkrähe;3;;16.04.2025;344497.2257;106627.1995;e133e36d-3b6d-4327-acaa-d02f7ffa0397;Besetzt
Point (106626.02883909382217098 344489.56008618749910966);130;Saatkrähe;2;;16.04.2025;344489.5601;106626.0288;0c331f6f-cd09-408f-99d6-fa2c15cdb50a;Besetzt
Point (105916.41318730299826711 342216.48128559562610462);131;Saatkrähe;2;;16.04.2025;342216.4813;105916.4132;2e3183a4-d3a1-43f5-b1d0-2621a7d96d6b;Besetzt
Point (105573.46553761285031214 342871.79454421548871323);133;Saatkrähe;1;;16.04.2025;342871.7945;105573.4655;83aab303-01ca-44d6-b894-f784df0f61c4;Besetzt
Point (105693.52305434623849578 343014.10348504548892379);134;Saatkrähe;1;;16.04.2025;343014.1035;105693.5231;ecf1958d-79e9-40a2-a684-2a616451735d;Besetzt
Point (105683.57597108033951372 343020.67072607186855748);135;Saatkrähe;1;;16.04.2025;343020.6707;105683.576;5a4f49d4-1769-45a3-b579-472305df9af8;Besetzt
Point (105678.15716380650701467 343008.57677808334119618);136;Saatkrähe;1;;16.04.2025;343008.5768;105678.1572;ddcc6a60-18b1-4193-a74f-2f20bbc087c4;Besetzt
Point (105654.13821368815843016 343096.63343619805527851);137;Saatkrähe;1;;16.04.2025;343096.6334;105654.1382;0f7ccaad-b21d-4f04-a031-830ac7a17c6b;Besetzt
Point (105660.01273351279087365 343089.86471785703906789);138;Saatkrähe;1;;16.04.2025;343089.8647;105660.0127;c1e322bb-8e15-442c-8f09-45c50c837894;Besetzt
Point (105668.25063137512188405 343093.02622701885411516);139;Saatkrähe;1;;16.04.2025;343093.0262;105668.2506;ebef9228-539d-40cf-84bb-f76f8b6c1dbf;Besetzt
Point (105657.94013781486137304 343125.7628710349672474);140;Saatkrähe;2;;16.04.2025;343125.7629;105657.9401;b64db5ad-fb79-4f65-b8eb-b0f2542047a1;Besetzt
Point (104199.41329178601154126 344369.85468757065245882);141;Saatkrähe;5;;16.04.2025;344369.8547;104199.4133;47af52d6-fd7f-4aae-8cfd-059ee8dd8f8f;Besetzt
Point (104190.5733754197426606 344369.00983234425075352);142;Saatkrähe;1;;16.04.2025;344369.0098;104190.5734;e4e1c9af-0d37-4b08-bfd3-ca212e84ac9a;Besetzt
Point (104124.01415387650195044 344360.47456821304513142);143;Saatkrähe;5;;16.04.2025;344360.4746;104124.0142;bb5fc1a2-9439-44fa-ae33-ead3c8c3761b;Besetzt
Point (104117.58534083740960341 344360.56418329902226105);144;Saatkrähe;1;;16.04.2025;344360.5642;104117.5853;df2410e2-b970-4493-89bb-b27fcb5825b6;Besetzt
Point (104038.02066288235073444 344351.67407197545981035);145;Saatkrähe;1;;16.04.2025;344351.6741;104038.0207;66609476-00a2-439d-bbaf-4d420b4db6a7;Besetzt
Point (104026.09071255187154748 344348.5456342413672246);146;Saatkrähe;1;;16.04.2025;344348.5456;104026.0907;b392c873-1744-45a0-aebd-1e60d8c00c72;Besetzt
Point (104019.54846104382886551 344350.8360094886738807);147;Saatkrähe;11;;16.04.2025;344350.836;104019.5485;5fa0bc58-7b59-4426-8b68-668563696997;Besetzt
Point (104004.57462756150925998 344350.40035140182590112);148;Saatkrähe;9;;16.04.2025;344350.4004;104004.5746;c424ed4c-0785-4dce-acdb-0d3a2d9aba70;Besetzt
Point (103994.48717211690382101 344353.44029834668617696);149;Saatkrähe;8;;16.04.2025;344353.4403;103994.4872;afd8dc0f-43fb-476b-b701-e4e6f088ee31;Besetzt
Point (103989.96181791542039718 344358.40212630911264569);150;Saatkrähe;5;;16.04.2025;344358.4021;103989.9618;7760e889-a178-4fe0-bd9c-e3e8b183a345;Besetzt
Point (103935.15979340384365059 344390.87739587988471612);151;Saatkrähe;4;;16.04.2025;344390.8774;103935.1598;cbd50615-c941-4d19-bbe1-9d1df20da5d9;Besetzt
Point (103934.28520810297050048 344381.91948247910477221);152;Saatkrähe;5;;16.04.2025;344381.9195;103934.2852;bdcb86d1-8b02-43b6-b471-6cb0e04ae829;Besetzt
Point (103926.98926658691198099 344381.20779188082087785);153;Saatkrähe;8;;16.04.2025;344381.2078;103926.9893;300e494e-20b2-474e-a0df-0f874f98ceb3;Besetzt
Point (103922.97770812014641706 344374.09902390913339332);154;Saatkrähe;6;;16.04.2025;344374.099;103922.9777;5aa0e543-5be6-4657-9de7-3932c81c43eb;Besetzt
Point (103905.32226648612413555 344372.80294678715290502);155;Saatkrähe;5;;16.04.2025;344372.8029;103905.3223;9cf0c3dd-bbc9-4e36-9b65-432986857855;Besetzt
Point (103892.51098427317629103 344373.88927265163511038);156;Saatkrähe;5;;16.04.2025;344373.8893;103892.511;445e381a-9ed6-42fd-a675-fe0b57a2496d;Besetzt
Point (103878.82547636401432101 344364.21763062052195892);157;Saatkrähe;3;;16.04.2025;344364.2176;103878.8255;59c3aaf7-0fe8-4d2b-901a-e2786bad9552;Besetzt
Point (103860.62511773442383856 344379.16612143936799839);158;Saatkrähe;5;;16.04.2025;344379.1661;103860.6251;30cffa3b-01e6-4735-b292-64edad11db02;Besetzt
Point (103857.19578688793990295 344385.32666039362084121);159;Saatkrähe;1;;16.04.2025;344385.3267;103857.1958;d6f5fc51-3cea-43b4-afa7-e356361f74a2;Besetzt
Point (103845.84471687364566606 344367.76704867789521813);160;Saatkrähe;3;;16.04.2025;344367.767;103845.8447;ae540fc2-a3c4-4979-9955-89dee65064ac;Besetzt
Point (103836.67469363647978753 344369.03790376556571573);161;Saatkrähe;1;;16.04.2025;344369.0379;103836.6747;cb0ac165-1f01-42eb-89fb-2004f16545e5;Besetzt
Point (103842.35637536285503302 344380.34950650966493413);162;Saatkrähe;3;;16.04.2025;344380.3495;103842.3564;7b4f5102-79ac-4e30-b27b-7366f3b7bcb9;Besetzt
Point (103831.5464622174622491 344390.65019249613396823);163;Saatkrähe;2;;16.04.2025;344390.6502;103831.5465;4822af15-9ce9-449c-b921-06ccf19e2ea7;Besetzt
Point (103827.87012406795111019 344370.63594555313466117);164;Saatkrähe;1;;16.04.2025;344370.6359;103827.8701;284c358b-1dfb-46fd-b04b-3ef82abbd72e;Besetzt
Point (103824.88086574572662357 344381.14399828464956954);165;Saatkrähe;6;;16.04.2025;344381.144;103824.8809;7e2f32a4-bafd-41da-9f38-f5bd2a7b3484;Besetzt
Point (103798.02035094132588711 344425.15590521862031892);166;Saatkrähe;3;;16.04.2025;344425.1559;103798.0204;c6b82153-a0c1-4590-9473-740eab25d34c;Besetzt
Point (103816.27656886620388832 344457.56497979367850348);167;Saatkrähe;2;;16.04.2025;344457.565;103816.2766;7f03b502-5ab2-43a6-82bc-d48e4361de2b;Besetzt
Point (103816.54443764622556046 344462.41346237389370799);168;Saatkrähe;1;;16.04.2025;344462.4135;103816.5444;93fc41b7-5039-4f85-b891-408b17ca3421;Besetzt
Point (103730.49713216516829561 344396.21349736087722704);169;Saatkrähe;2;;16.04.2025;344396.2135;103730.4971;3280bc21-5684-43d4-ab02-2b6a7e398f6f;Besetzt
Point (103713.8099483596306527 344401.28006570471916348);170;Saatkrähe;2;;16.04.2025;344401.2801;103713.8099;d4f8e537-f822-4dc8-9873-820c6811a148;Besetzt
Point (103715.34895092873193789 344412.02434723719488829);171;Saatkrähe;2;;16.04.2025;344412.0243;103715.349;6b6447c7-c11f-4d51-83a9-5fb7c429defe;Besetzt
Point (103700.68932219070848078 344418.41101280448492616);172;Saatkrähe;1;;16.04.2025;344418.411;103700.6893;d3945df0-7b49-4a5a-8dd3-20fb3147cd8b;Besetzt
Point (103691.00320313189877197 344408.10944578022463247);173;Saatkrähe;1;;16.04.2025;344408.1094;103691.0032;531ccc11-2bac-4d01-acd8-ec4565cb2835;Besetzt
Point (103685.18862118384276982 344409.5316083729849197);174;Saatkrähe;2;;16.04.2025;344409.5316;103685.1886;d7bd741e-3789-4505-a265-56b1a9df39aa;Besetzt
Point (103678.49939448194345459 344432.63190956809557974);175;Saatkrähe;1;;16.04.2025;344432.6319;103678.4994;9d849109-2d4e-49aa-af01-3d7cc5d536ca;Besetzt
Point (103674.20508590065583121 344412.34026389353675768);176;Saatkrähe;1;;16.04.2025;344412.3403;103674.2051;c808f925-017e-40d8-a2b3-b43ee9df1e0b;Besetzt
Point (103667.97066662191355135 344414.36846100346883759);177;Saatkrähe;2;;16.04.2025;344414.3685;103667.9707;896361d7-88a2-4a6e-b0e0-f22e228c35d0;Besetzt
Point (103618.41991402050189208 344424.74771070061251521);178;Saatkrähe;2;;16.04.2025;344424.7477;103618.4199;4fba945d-f39a-42f1-9c5f-3da1eaa73fc6;Besetzt
Point (103615.44784215268737171 344438.18093403050443158);179;Saatkrähe;1;;16.04.2025;344438.1809;103615.4478;3d0c8e9c-7b23-40a5-990f-cde87554ed75;Besetzt
Point (103606.23194589256308973 344440.01755864266306162);180;Saatkrähe;10;;16.04.2025;344440.0176;103606.2319;24193370-864a-4709-a950-b6359dd05a4a;Besetzt
Point (103689.5555020825995598 344494.91837713762652129);181;Saatkrähe;1;;16.04.2025;344494.9184;103689.5555;c1b2bed5-63b6-4e71-aebd-7fb4d524a683;Besetzt
Point (103564.0189944289450068 344436.80364760424708948);182;Saatkrähe;2;;16.04.2025;344436.8036;103564.019;a22024ed-0a3a-4061-bee9-7a95b0b13bc2;Besetzt
Point (103495.07601486645580735 344429.03771771199535578);183;Saatkrähe;2;Aufgegeben;16.04.2025;344429.0377;103495.076;0f0bf3d1-7a1f-4ef1-a1f6-ad3dbff426ed;Verlassen
Point (104217.29450142553832848 344387.41699755616718903);184;Saatkrähe;4;;16.04.2025;344387.417;104217.2945;df61c9e8-233b-47e3-9f51-39139e473ac1;Besetzt
Point (104203.08734341282979585 344386.80239068286027759);185;Saatkrähe;5;;16.04.2025;344386.8024;104203.0873;c0aaee85-6c67-4f8b-8b8e-a2ccd6604bb1;Besetzt
Point (103973.39431600121315569 344370.09441989968763664);186;Saatkrähe;1;;16.04.2025;344370.0944;103973.3943;7ad83fb6-fafe-4703-a588-1f41e8a6367b;Besetzt
Point (103965.41802765429019928 344399.71719066106015816);187;Saatkrähe;1;;16.04.2025;344399.7172;103965.418;7b86e9e1-df85-428c-80ef-1bdb4e9b1a5f;Besetzt
Point (103965.69165479099319782 344411.49433287279680371);188;Saatkrähe;1;;16.04.2025;344411.4943;103965.6917;1656a3f1-c3cc-4144-9643-1045fc4f3135;Besetzt
Point (103932.86588578297232743 344394.26290143973892555);189;Saatkrähe;3;;16.04.2025;344394.2629;103932.8659;10ede842-e327-46b4-aeb8-d63d85e91d59;Besetzt
Point (103966.36792457735282369 344429.2647735106293112);190;Saatkrähe;3;;16.04.2025;344429.2648;103966.3679;ca45caff-0523-4434-898b-0a8072b19c42;Besetzt
Point (103965.04657722615229432 344440.41355180181562901);191;Saatkrähe;1;;16.04.2025;344440.4136;103965.0466;87585c25-64bc-4b42-8fc2-15630ff14802;Besetzt
Point (103956.80587570540956222 344437.16700487828347832);192;Saatkrähe;3;;16.04.2025;344437.167;103956.8059;6faa005a-9f77-4500-b691-b864e44b81ce;Besetzt
Point (103957.48105145443696529 344448.96284122037468478);193;Saatkrähe;3;;16.04.2025;344448.9628;103957.4811;1a55ec09-49c5-40a0-8019-9866a6866274;Besetzt
Point (103956.57519795134430751 344476.70632112392922863);194;Saatkrähe;1;;16.04.2025;344476.7063;103956.5752;339f94e3-b69d-424a-ba06-3932b98df8b0;Besetzt
Point (103956.75166948542755563 344488.7719024199177511);195;Saatkrähe;1;;16.04.2025;344488.7719;103956.7517;9dc29384-076e-4e6b-af9c-ae727b59762f;Besetzt
Point (103956.13938145870633889 344496.58283077197847888);196;Saatkrähe;3;;16.04.2025;344496.5828;103956.1394;61775e0b-76e5-4574-9e1b-f2e96c80c360;Besetzt
Point (103964.70043673527834471 344494.03972174547379836);197;Saatkrähe;1;;16.04.2025;344494.0397;103964.7004;0d78bb20-93e0-4b77-a4b3-73121e886c4e;Besetzt
Point (103956.06593028796487488 344504.27738280175253749);198;Saatkrähe;2;;16.04.2025;344504.2774;103956.0659;014b565d-af21-4fb0-b61e-130e1f082f82;Besetzt
Point (103965.13529640104388818 344517.54583836888195947);199;Saatkrähe;1;;16.04.2025;344517.5458;103965.1353;faec1ab7-56f0-4a6d-a2e0-5493e2ed5c5d;Besetzt
Point (103949.40953508809616324 344603.85277913190657273);200;Saatkrähe;1;;16.04.2025;344603.8528;103949.4095;a596d76f-55fc-4dc9-9670-34aaa2a826ac;Besetzt
Point (103949.19210059409670066 344610.69626559095922858);201;Saatkrähe;1;;16.04.2025;344610.6963;103949.1921;1d0ccfac-e8e8-4815-9cd3-3e9827105b58;Besetzt
Point (103955.95989042260043789 344630.44283466675551608);202;Saatkrähe;2;;16.04.2025;344630.4428;103955.9599;d63ef873-9153-4735-a61f-b191ef213bc6;Besetzt
Point (103948.84732208357308991 344647.73118655761936679);203;Saatkrähe;6;;16.04.2025;344647.7312;103948.8473;9470f104-2e5f-4490-b4b3-a9ae50f45979;Besetzt
Point (103955.22179655975196511 344896.61483301606494933);204;Saatkrähe;8;;16.04.2025;344896.6148;103955.2218;702c6d99-b5a6-41d9-a063-d18d13e0b495;Besetzt
Point (103951.56358578684739769 344901.83608584548346698);205;Saatkrähe;2;;16.04.2025;344901.8361;103951.5636;7bdff2b7-65ac-47e4-83ad-1e13841e2309;Besetzt
Point (103930.25964295264566317 344661.03827453561825678);206;Saatkrähe;3;;16.04.2025;344661.0383;103930.2596;fac38cc6-6206-4dec-9924-053c4c1b98ff;Besetzt
Point (103931.46701791550731286 344653.87474079185631126);207;Saatkrähe;5;;16.04.2025;344653.8747;103931.467;329f68e5-b3c7-46c1-ba47-9bc232d7fdad;Besetzt
Point (103937.15600860537961125 344647.17909920518286526);208;Saatkrähe;3;;16.04.2025;344647.1791;103937.156;81ea6f2c-8959-4be3-8f7a-e4eab8373b5d;Besetzt
Point (103937.53174953184498008 344635.71347724966472015);209;Saatkrähe;4;;16.04.2025;344635.7135;103937.5317;c40c8fc3-b5e7-41f4-852a-7b2fb8cbcbc5;Besetzt
Point (103930.69363473556586541 344645.78299922333098948);210;Saatkrähe;6;;16.04.2025;344645.783;103930.6936;c5707b1f-1e6e-4252-afb1-8793c6d87aca;Besetzt
Point (103930.81158126873197034 344631.62013007840141654);211;Saatkrähe;5;;16.04.2025;344631.6201;103930.8116;86aeeb24-fce5-4f6f-b206-1bc1abca6f15;Besetzt
Point (103931.62764126456750091 344600.08953531429870054);212;Saatkrähe;2;;16.04.2025;344600.0895;103931.6276;3e2273f9-ea58-490d-966f-4d0614123643;Besetzt
Point (103930.57772676662716549 344582.68272733793128282);213;Saatkrähe;1;;16.04.2025;344582.6827;103930.5777;99fb7346-1ffc-44fc-bcf9-1e520e17cd52;Besetzt
Point (103933.76593500278249849 344536.82155307056382298);214;Saatkrähe;6;;16.04.2025;344536.8216;103933.7659;6d8ad065-332b-46e6-a638-415c079ec9ff;Besetzt
Point (103932.36554594543122221 344505.6547865531174466);215;Saatkrähe;2;;16.04.2025;344505.6548;103932.3655;e47dc75d-a994-4bcd-81d1-a0124a333a5d;Besetzt
Point (103933.28223926361533813 344498.41955370898358524);216;Saatkrähe;6;;16.04.2025;344498.4196;103933.2822;0680d3b5-9a21-4344-a52f-be73c06185cc;Besetzt
Point (103933.4142726971040247 344489.82979254930978641);217;Saatkrähe;4;;16.04.2025;344489.8298;103933.4143;7586a8c4-19af-479e-a4b0-f9a1972efc26;Besetzt
Point (103940.37992237812431995 344471.74740444245981053);218;Saatkrähe;1;;16.04.2025;344471.7474;103940.3799;de2056ec-b449-4463-819c-ee20b51865ec;Besetzt
Point (103932.85779410263057798 344467.43146592855919152);219;Saatkrähe;4;;16.04.2025;344467.4315;103932.8578;dfe19e6b-4df5-4fee-81af-8d27201ad975;Besetzt
Point (103940.34859466325724497 344436.29283051256788895);220;Saatkrähe;2;;16.04.2025;344436.2928;103940.3486;c26e7d25-83b4-4107-b268-2c48b19aee31;Besetzt
Point (103933.23995100920728873 344432.01543963700532913);221;Saatkrähe;6;;16.04.2025;344432.0154;103933.24;ea1a6e48-31a1-4f4e-9473-833ad9e99748;Besetzt
Point (103934.57482444561901502 344386.40393129119183868);222;Saatkrähe;5;;16.04.2025;344386.4039;103934.5748;eb76e109-db33-4446-8b15-4fd1376a7b31;Besetzt
Point (103927.24800434724602383 344381.94399950234219432);223;Saatkrähe;8;;16.04.2025;344381.944;103927.248;f854e66b-3acb-4a1c-83da-a3f41ab3b3b4;Besetzt
NULL;224;;0;;;0;0;{823af5d3-0b84-486b-b3be-c306daa98bfe};
NULL;226;;0;;;0;0;{1ef3a340-5e40-4acf-a0a3-e05092d1635f};
