fid,Art,Anzahl Individuen,Bemerkung,Datum,Lat N,Lon E,Uuid,Status
"1",Saatkrähe,"1",,30.03.2025,345714.576653091,109482.927559662,e371f7b4-ff15-4676-a57c-fad6f155db87,Besetzt
"2",Saatkrähe,"1",,30.03.2025,345713.938453853,109481.869789731,03d43148-5df0-4ea4-89af-9628b06cdc49,Besetzt
"3",Saatkrähe,"1",,30.03.2025,345716.010795729,109473.151329828,c52f2af9-d859-4abd-bf89-7a3851d71ef0,Besetzt
"4",Saatkrähe,"1",,30.03.2025,345709.663346384,109464.697379766,cbf6dbc6-86cd-4d43-a8d4-bcf6c5530fb2,Besetzt
"5",Saatkrähe,"1",,30.03.2025,345714.785328676,109463.660421929,4d3ab1c6-c4c6-4dea-bbf6-73553d69a542,Besetzt
"6",Saatkrähe,"7",,30.03.2025,345711.977787535,109457.434952902,e227494e-74e3-4856-a430-ae51b96209ea,Besetzt
"7",Saatkrähe,"1",,30.03.2025,345709.187668932,109447.813613734,01784e0c-873b-4a7e-bf88-98736fcb6449,Besetzt
"8",Saatkrähe,"1",,30.03.2025,345706.869177959,109444.088974931,f6078865-e0c6-43a0-9db5-867cb6558ddd,Besetzt
"9",Saatkrähe,"3",,30.03.2025,345700.608317449,109434.86616061,0337dd84-7321-4298-ac5e-4e04ca54186d,Besetzt
"10",Saatkrähe,"1",,30.03.2025,345720.104773012,109451.329535734,f7527669-fbfa-4361-9613-6827579dcf34,Besetzt
"11",Saatkrähe,"1",,30.03.2025,346015.570253702,109526.948177819,991f26a1-3797-483d-b427-e83e842848d2,Besetzt
"12",Saatkrähe,"1",,30.03.2025,346015.674806053,109519.515751992,cea1c9e3-9962-40ef-b9d4-6838a594e5aa,Besetzt
"13",Saatkrähe,"3",,30.03.2025,346023.847916724,109520.967478168,3a184366-e4da-4313-abd2-0053f3e8dc05,Besetzt
"15",Saatkrähe,"3",,30.03.2025,346032.567564317,109506.504476202,8f2c9f81-b264-4d5a-a9b8-1dc6f45745e0,Besetzt
"16",Saatkrähe,"1",,30.03.2025,346028.352133765,109490.46222613,b7b09aa7-0862-4740-8164-d5b3e55f2712,Besetzt
"19",Saatkrähe,"2",,30.03.2025,346240.289342721,109801.630818968,a701cbe5-9587-44d4-a057-3b674087011a,Besetzt
"20",Saatkrähe,"1",,30.03.2025,346244.957359478,109821.146573874,db33ee4b-2956-4e2b-ba76-e85672dff068,Besetzt
"21",Saatkrähe,"3",,30.03.2025,346249.190410993,109823.647118229,e0b0a9a3-1fdb-4ccb-a16f-bc652d043dc3,Besetzt
"22",Saatkrähe,"1",,30.03.2025,346285.523102934,109841.022396277,c25be723-b3d8-4e20-a369-29d618f15548,Besetzt
"23",Saatkrähe,"2",,30.03.2025,346235.7718617,109837.15594993,39e50714-d9d9-4d0f-81e5-0fc4f7ed30d4,Besetzt
"24",Saatkrähe,"3",,30.03.2025,346216.548967035,109828.174037185,5d240ca9-00f2-4bd0-9324-23f34277276d,Besetzt
"26",Saatkrähe,"1",,30.03.2025,348904.705447724,109093.365454153,fe7639c7-9bab-4d08-9e64-904f45d12e2c,Besetzt
"27",Saatkrähe,"1",,30.03.2025,348907.200472024,109096.316063045,75d4d536-4b90-453f-a4ba-2d8862e68c09,Besetzt
"28",Saatkrähe,"1",,30.03.2025,348908.513427739,109102.118324315,2507b6cc-fd1c-4860-ad6e-1b002e32e815,Besetzt
"29",Saatkrähe,"3",,30.03.2025,348920.552974452,109095.103740444,82ddfff8-8931-4428-a871-004702d5d013,Besetzt
"30",Saatkrähe,"1",,30.03.2025,348922.379849668,109092.042119544,edb27c39-5962-4f4c-af04-f013206e79f6,Besetzt
"31",Saatkrähe,"1",,30.03.2025,348916.901659495,109090.545320914,a2bbf1d6-79f9-4f29-8e3c-fd6ce019e23d,Besetzt
"32",Saatkrähe,"1",,30.03.2025,348916.991905931,109086.2072496,6172d05c-5eeb-48df-8277-6901669dea40,Besetzt
"33",Saatkrähe,"1",,30.03.2025,348920.485863195,109086.039657047,992ae7c2-cee5-436a-b06a-3f446468fc56,Besetzt
"34",Saatkrähe,"1",,30.03.2025,348909.60188097,109106.734250327,e516ecf3-bcd1-42af-85eb-b17f1c8dcfa8,Besetzt
"35",Saatkrähe,"1",,30.03.2025,348914.854700374,109109.185651387,4f5b8729-9822-4a68-8c4b-9d50274c4abd,Besetzt
"36",Saatkrähe,"1",,30.03.2025,348914.004874729,109111.443212003,bc9bfd8e-e5ef-498e-af15-8396be9c060b,Besetzt
"37",Saatkrähe,"1",,30.03.2025,348916.733338699,109110.270331276,d6d08555-9a55-4ec8-9339-eb5991a55903,Besetzt
"38",Saatkrähe,"1",,30.03.2025,348921.007624456,109110.593716073,3180cc32-e309-4cc8-9032-47bff2332e61,Besetzt
"39",Saatkrähe,"1",,30.03.2025,348920.680599733,109106.696232804,99349876-7cb9-4b53-bb7f-4daac058a40a,Besetzt
"40",Saatkrähe,"1",,30.03.2025,348917.610289428,109117.668772567,b6a709f1-5501-41c2-a4a6-6ace5c6741bb,Besetzt
"41",Saatkrähe,"2",,30.03.2025,348922.957492721,109114.17895094,facc62bc-8a13-47df-a56d-b314f0879e7d,Besetzt
"42",Saatkrähe,"1",,30.03.2025,348922.955198889,109114.009173397,4c9945cf-6f45-4982-8dd8-884abce37961,Besetzt
"43",Saatkrähe,"2",,30.03.2025,348932.245719126,109115.448205037,2670b450-f554-48c9-8255-2d4294e9633d,Besetzt
"44",Saatkrähe,"3",,30.03.2025,348932.611950374,109110.168251689,30c317d1-6cd9-45e7-995e-4d4853a23a03,Besetzt
"45",Saatkrähe,"2",,30.03.2025,348939.428089659,109114.0622448,df813bac-e9a1-4cb1-803d-16e0641a18dd,Besetzt
"46",Saatkrähe,"1",,30.03.2025,348938.28293155,109118.598779367,de5ee31b-f75d-49dd-8e81-1ff5050a1eec,Besetzt
"47",Saatkrähe,"1",,30.03.2025,348937.886956356,109121.036793454,afa9d87c-6776-497b-acd6-5cb3f70fff98,Besetzt
"48",Saatkrähe,"3",,30.03.2025,348939.776829087,109119.495269564,29967395-381c-44ba-a9d3-ce062980c2ee,Besetzt
"49",Saatkrähe,"4",,30.03.2025,348939.366208377,109121.641321054,4abcdb94-5188-4b7a-afd4-69a7019b6b0b,Besetzt
"50",Saatkrähe,"4",,30.03.2025,348939.654535388,109115.481026308,2ebbffc5-ccad-46d1-b128-2ba7d1a2c4e5,Besetzt
"51",Saatkrähe,"2",,30.03.2025,348943.236835417,109125.830593674,61b16899-ae71-472b-a951-8ab51ab556ee,Besetzt
"52",Saatkrähe,"3",,30.03.2025,348945.422408861,109126.011000672,f1adff2d-d5af-4a3e-a3a2-761856796d7c,Besetzt
"53",Saatkrähe,"4",,30.03.2025,348946.681785473,109122.296686137,8e3c7dfa-4a86-43cd-8f0b-485bf6c63497,Besetzt
"54",Saatkrähe,"2",,30.03.2025,348948.59966402,109122.263884676,74cab49b-6945-45f7-a4f3-231ee67f3895,Besetzt
"55",Saatkrähe,"2",,30.03.2025,348950.485509828,109126.6396356,bae4beab-f29f-4a31-b613-077ac7f095fd,Besetzt
"56",Saatkrähe,"1",,30.03.2025,348952.830883995,109128.757013527,a237d5b0-9bd8-467c-8c52-209092cde823,Besetzt
"57",Saatkrähe,"4",,30.03.2025,348952.379016827,109123.413221331,21ebb7dc-e6b3-46ed-86bc-634bb9345e0e,Besetzt
"58",Saatkrähe,"1",,30.03.2025,348951.595970075,109122.802576229,f2c2acd0-33eb-4489-bc05-c254c6d5eb33,Besetzt
"59",Saatkrähe,"1",,30.03.2025,348952.245670016,109121.09098327,a4fdcec9-c92a-49a6-91d7-4922fdabc32b,Besetzt
"60",Saatkrähe,"1",,30.03.2025,348952.292211464,109121.119758139,3b49bf2b-4125-4b3f-bf33-d064cde89140,Besetzt
"61",Saatkrähe,"3",,30.03.2025,348952.281960961,109121.109785378,a56bc572-068e-4037-ae3b-00e079659a0d,Besetzt
"62",Saatkrähe,"1",,30.03.2025,348953.024856929,109114.975301949,d7930e86-42b8-4434-9895-00860baac466,Besetzt
"63",Saatkrähe,"1",,30.03.2025,348951.561692852,109116.051293522,0851053f-6aff-46e5-a885-8c55f888f93b,Besetzt
"64",Saatkrähe,"2",,30.03.2025,348951.38890658,109115.338088262,fac45902-1e57-419c-8ab7-d76cd9103e06,Besetzt
"65",Saatkrähe,"2",,30.03.2025,348951.384892997,109115.347730576,324092b1-399f-4f90-9e46-c9f0a9f2af0a,Besetzt
"66",Saatkrähe,"1",,30.03.2025,348952.895655546,109111.058963038,effd5077-a493-4978-a247-4e7bb6ada00b,Besetzt
"67",Saatkrähe,"1",,30.03.2025,348952.687126309,109110.164572466,4a6990c6-2b9e-4571-bf86-41867cd0acf8,Besetzt
"68",Saatkrähe,"2",,30.03.2025,348952.023132267,109107.889572635,a98b72c9-72f8-448c-a242-2c7ceed2efab,Besetzt
"69",Saatkrähe,"1",,30.03.2025,348948.104722305,109104.234546522,df4c9f22-ebca-48bd-b2af-98120159d9fb,Besetzt
"70",Saatkrähe,"1",,30.03.2025,348948.421935636,109102.035929822,52179ba5-480f-45d0-afaa-68543021fb38,Besetzt
"71",Saatkrähe,"1",,30.03.2025,348948.210390226,109102.127607322,27fb3ae8-6288-4b09-8dbb-77d33516d350,Besetzt
"72",Saatkrähe,"1",Aufgegeben ,30.03.2025,348950.01250381,109101.587431691,cc31d91a-285c-4a6c-b38f-97e447bb74e1,Verlassen
"73",Saatkrähe,"1",Aufgegeben ,30.03.2025,348949.615245489,109098.854983203,cd9f8d0c-6e93-42c5-ac83-5dc05acb09ad,Verlassen
"74",Saatkrähe,"8",,30.03.2025,348950.623314852,109095.305089747,8e2869a4-5944-4c74-8953-cee73cb5aa1a,Besetzt
"75",Saatkrähe,"1",,30.03.2025,348945.317335642,109097.794850427,a03f472a-1745-44d2-8ca3-c0ddafef368c,Besetzt
"76",Saatkrähe,"2",,30.03.2025,344446.047804815,106631.184394623,dd4b6269-f5bc-45e6-ac72-4536404b29d2,Verlassen
"77",Saatkrähe,"1",Aufgegeben ,30.03.2025,344442.855098046,106610.963918419,7be53590-e107-47f1-be69-9c6f45b9437d,Verlassen
"80",Saatkrähe,"2",,30.03.2025,344504.922273128,106632.694486672,50891e85-3971-4963-9e9d-bec1182e998d,Besetzt
"81",Saatkrähe,"1",,30.03.2025,344498.813422043,106641.27786813,440d538c-be25-444f-b52d-74f2afcebd49,Besetzt
"82",Saatkrähe,"1",,30.03.2025,344514.052496424,106638.567365102,4e325d45-04a5-402f-a1be-612f568b8340,Besetzt
"83",Saatkrähe,"1",,30.03.2025,344512.900092094,106665.904092817,729f5de1-499c-4973-847d-6c2072be2a23,Besetzt
"84",Saatkrähe,"1",,30.03.2025,344517.126082753,106678.189599116,7a22b36d-fbf0-4993-aaae-523d7fd68193,Besetzt
"86",Saatkrähe,"12",gesamte Kolonie aufgegeben,30.03.2025,343056.023983789,106331.00201905,0c9c2bbe-4813-4aee-9605-975ec41f2c34,Verlassen
"87",Saatkrähe,"1",Aufgegeben ,30.03.2025,343035.426018668,106280.742798122,8daf9136-6c63-499f-91cb-0eb2e55bd3d2,Verlassen
"88",Saatkrähe,"8",gesamte Kolonie aufgegeben,30.03.2025,343085.048874114,106199.979372545,4027497b-81cd-4b74-98f4-8ecf5fa4e7ae,Verlassen
"89",Saatkrähe,"5",Aufgegeben ,30.03.2025,342762.199320406,105768.874699268,f6b32cc5-a540-4558-91ac-d3ec8afe8c02,Verlassen
"90",Saatkrähe,"10",gesamte Kolonie aufgegeben,30.03.2025,342765.627650811,105698.955920186,1d44e94a-c74a-440d-ad05-ed54b9740d31,Verlassen
"91",Saatkrähe,"4",,30.03.2025,342766.691623659,105657.808733483,7cf76f77-2e47-40eb-b19e-c926ecb0a32e,Besetzt
"93",Saatkrähe,"2",,30.03.2025,342873.208787039,105580.515080422,98e1ebd8-0c14-49e5-8548-8299e41423fd,Besetzt
"94",Saatkrähe,"1",,30.03.2025,342917.830358899,105577.877445291,72271e49-5535-4ff2-8ee4-ee846e70b97f,Besetzt
"95",Saatkrähe,"1",Aufgegeben ,30.03.2025,342912.080324847,105582.318125998,352fc84a-cf8b-4757-8205-2f67201b7fd2,Verlassen
"96",Saatkrähe,"2",,30.03.2025,342997.708572835,105619.168150147,88a4a6f9-44c7-49c0-8662-3e9d6a0b4b11,Besetzt
"98",Saatkrähe,"2",,30.03.2025,344455.447749017,104361.965644436,48d2b7de-165c-4b16-ae41-42b8c3f372f1,Besetzt
"99",Saatkrähe,"1",,30.03.2025,344456.770972825,104367.928276445,45769a48-c683-4dc9-926b-74460cb2daff,Besetzt
"100",Saatkrähe,"1",,30.03.2025,344451.247445977,104367.593524511,e967527f-c3e0-41f8-af1b-3274d345d724,Besetzt
"101",Saatkrähe,"1",,30.03.2025,344451.372848564,104367.716652828,1af860b1-c305-4253-806e-b41f70261e5e,Besetzt
"102",Saatkrähe,"1",,30.03.2025,344448.544602939,104362.003383971,df5c24d3-d669-4acf-bb12-bf8257a00f39,Besetzt
"103",Saatkrähe,"2",,30.03.2025,344451.308538853,104353.411838264,d4fe8cb0-4718-4084-a09f-061d9c6afe4c,Besetzt
"104",Saatkrähe,"8",,30.03.2025,344449.569631182,104348.381182787,a7553d0d-2ec7-4121-a582-fff3cbaae239,Besetzt
"105",Saatkrähe,"6",,30.03.2025,344442.099347733,104347.246445704,d40bca3a-748d-4752-826d-59e968ea1431,Besetzt
"106",Saatkrähe,"2",,30.03.2025,344439.112108823,104355.103994481,1b665786-7078-463a-ac1a-c4830cafb92d,Besetzt
"107",Saatkrähe,"1",,30.03.2025,344433.303783665,104355.184245536,31fe7bf6-94c4-4f20-b058-07a68561d33b,Besetzt
"108",Saatkrähe,"2",,30.03.2025,344433.583977612,104351.598494026,c42b60f2-8515-4f3a-bd82-c4c1c1cd922e,Besetzt
"109",Saatkrähe,"3",,30.03.2025,344423.715978816,104350.541547846,7be9bbc5-22e1-46e7-89cf-4529ef53828a,Besetzt
"110",Saatkrähe,"2",,30.03.2025,344418.323423534,104351.726821308,39fcb583-f36e-43d2-a1bc-225de5062985,Besetzt
"111",Saatkrähe,"5",,30.03.2025,344421.312134738,104358.184411769,0314c79d-68e3-4789-82e7-180737e2f52e,Besetzt
"112",Saatkrähe,"6",,30.03.2025,344413.889274661,104358.62025929,5f2bdc12-ef64-46f9-86c4-3aea81bc6375,Besetzt
"113",Saatkrähe,"7",,30.03.2025,344437.154615849,104351.549222224,d345239d-4249-47b7-874e-e1871a9aa5fe,Besetzt
"115",Saatkrähe,"4",,16.04.2025,344790.96643903,104205.245757957,6b6d7e6e-70e8-41ea-8091-dabdcf5f9f6b,Besetzt
"116",Saatkrähe,"1",,16.04.2025,344782.493390599,104209.651743141,3d6992bd-8f1f-494d-a409-c8574433a78b,Besetzt
"117",Saatkrähe,"1",,16.04.2025,344780.034341819,104202.612907913,ae633aca-9b5f-4693-81f7-0a9e661c0ae9,Besetzt
"118",Saatkrähe,"1",,16.04.2025,344779.486680944,104195.427948089,6e30f0da-e673-41f2-8dde-cdc25a86af7b,Besetzt
"119",Saatkrähe,"1",,16.04.2025,344784.648925081,104192.147462887,b7f7cfbf-cf36-46ef-be5a-0f11cce1cf91,Besetzt
"120",Saatkrähe,"4",,16.04.2025,344785.681428866,104186.630637907,d792f516-7286-41d0-8571-4bc88b620ece,Besetzt
"121",Saatkrähe,"1",,16.04.2025,344778.194675106,104188.873747509,91bc3ca3-45dd-4833-afd2-514289c7c5aa,Besetzt
"122",Saatkrähe,"1",,16.04.2025,344788.865718226,104186.030465818,a9fd5ad1-2dea-410e-83f2-f6b8902e98be,Besetzt
"123",Saatkrähe,"3",,16.04.2025,344781.778270119,104183.088752299,5dd52ddb-c31f-4ba3-9186-4e3d21740c8e,Besetzt
"124",Saatkrähe,"2",,16.04.2025,344782.277442304,104179.886190041,e8b3ae44-aae0-4b93-8ebb-f35fc4a961c3,Besetzt
"125",Saatkrähe,"2",,16.04.2025,344776.59391549,104179.053249306,dffc72b1-7d83-447b-a793-ef70ba42ba2a,Besetzt
"126",Saatkrähe,"1",,16.04.2025,344783.40498746,104176.344044121,dd455dc2-e293-494f-baab-fb0f0571f419,Besetzt
"127",Saatkrähe,"1",,16.04.2025,344784.794389366,104174.332838321,c379c65b-fe89-4036-bda8-74c3fa91764c,Besetzt
"128",Saatkrähe,"1",,16.04.2025,344488.64505729,106622.053386248,ac22c3d1-7532-4e09-8255-cd45e04eec3b,Besetzt
"129",Saatkrähe,"3",,16.04.2025,344497.225744201,106627.199534831,e133e36d-3b6d-4327-acaa-d02f7ffa0397,Besetzt
"130",Saatkrähe,"2",,16.04.2025,344489.560086187,106626.028839094,0c331f6f-cd09-408f-99d6-fa2c15cdb50a,Besetzt
"131",Saatkrähe,"2",,16.04.2025,342216.481285596,105916.413187303,2e3183a4-d3a1-43f5-b1d0-2621a7d96d6b,Besetzt
"133",Saatkrähe,"1",,16.04.2025,342871.794544215,105573.465537613,83aab303-01ca-44d6-b894-f784df0f61c4,Besetzt
"134",Saatkrähe,"1",,16.04.2025,343014.103485045,105693.523054346,ecf1958d-79e9-40a2-a684-2a616451735d,Besetzt
"135",Saatkrähe,"1",,16.04.2025,343020.670726072,105683.57597108,5a4f49d4-1769-45a3-b579-472305df9af8,Besetzt
"136",Saatkrähe,"1",,16.04.2025,343008.576778083,105678.157163807,ddcc6a60-18b1-4193-a74f-2f20bbc087c4,Besetzt
"137",Saatkrähe,"1",,16.04.2025,343096.633436198,105654.138213688,0f7ccaad-b21d-4f04-a031-830ac7a17c6b,Besetzt
"138",Saatkrähe,"1",,16.04.2025,343089.864717857,105660.012733513,c1e322bb-8e15-442c-8f09-45c50c837894,Besetzt
"139",Saatkrähe,"1",,16.04.2025,343093.026227019,105668.250631375,ebef9228-539d-40cf-84bb-f76f8b6c1dbf,Besetzt
"140",Saatkrähe,"2",,16.04.2025,343125.762871035,105657.940137815,b64db5ad-fb79-4f65-b8eb-b0f2542047a1,Besetzt
"141",Saatkrähe,"5",,16.04.2025,344369.854687571,104199.413291786,47af52d6-fd7f-4aae-8cfd-059ee8dd8f8f,Besetzt
"142",Saatkrähe,"1",,16.04.2025,344369.009832344,104190.57337542,e4e1c9af-0d37-4b08-bfd3-ca212e84ac9a,Besetzt
"143",Saatkrähe,"5",,16.04.2025,344360.474568213,104124.014153877,bb5fc1a2-9439-44fa-ae33-ead3c8c3761b,Besetzt
"144",Saatkrähe,"1",,16.04.2025,344360.564183299,104117.585340837,df2410e2-b970-4493-89bb-b27fcb5825b6,Besetzt
"145",Saatkrähe,"1",,16.04.2025,344351.674071975,104038.020662882,66609476-00a2-439d-bbaf-4d420b4db6a7,Besetzt
"146",Saatkrähe,"1",,16.04.2025,344348.545634241,104026.090712552,b392c873-1744-45a0-aebd-1e60d8c00c72,Besetzt
"147",Saatkrähe,"11",,16.04.2025,344350.836009489,104019.548461044,5fa0bc58-7b59-4426-8b68-668563696997,Besetzt
"148",Saatkrähe,"9",,16.04.2025,344350.400351402,104004.574627562,c424ed4c-0785-4dce-acdb-0d3a2d9aba70,Besetzt
"149",Saatkrähe,"8",,16.04.2025,344353.440298347,103994.487172117,afd8dc0f-43fb-476b-b701-e4e6f088ee31,Besetzt
"150",Saatkrähe,"5",,16.04.2025,344358.402126309,103989.961817915,7760e889-a178-4fe0-bd9c-e3e8b183a345,Besetzt
"151",Saatkrähe,"4",,16.04.2025,344390.87739588,103935.159793404,cbd50615-c941-4d19-bbe1-9d1df20da5d9,Besetzt
"152",Saatkrähe,"5",,16.04.2025,344381.919482479,103934.285208103,bdcb86d1-8b02-43b6-b471-6cb0e04ae829,Besetzt
"153",Saatkrähe,"8",,16.04.2025,344381.207791881,103926.989266587,300e494e-20b2-474e-a0df-0f874f98ceb3,Besetzt
"154",Saatkrähe,"6",,16.04.2025,344374.099023909,103922.97770812,5aa0e543-5be6-4657-9de7-3932c81c43eb,Besetzt
"155",Saatkrähe,"5",,16.04.2025,344372.802946787,103905.322266486,9cf0c3dd-bbc9-4e36-9b65-432986857855,Besetzt
"156",Saatkrähe,"5",,16.04.2025,344373.889272652,103892.510984273,445e381a-9ed6-42fd-a675-fe0b57a2496d,Besetzt
"157",Saatkrähe,"3",,16.04.2025,344364.217630621,103878.825476364,59c3aaf7-0fe8-4d2b-901a-e2786bad9552,Besetzt
"158",Saatkrähe,"5",,16.04.2025,344379.166121439,103860.625117734,30cffa3b-01e6-4735-b292-64edad11db02,Besetzt
"159",Saatkrähe,"1",,16.04.2025,344385.326660394,103857.195786888,d6f5fc51-3cea-43b4-afa7-e356361f74a2,Besetzt
"160",Saatkrähe,"3",,16.04.2025,344367.767048678,103845.844716874,ae540fc2-a3c4-4979-9955-89dee65064ac,Besetzt
"161",Saatkrähe,"1",,16.04.2025,344369.037903766,103836.674693636,cb0ac165-1f01-42eb-89fb-2004f16545e5,Besetzt
"162",Saatkrähe,"3",,16.04.2025,344380.34950651,103842.356375363,7b4f5102-79ac-4e30-b27b-7366f3b7bcb9,Besetzt
"163",Saatkrähe,"2",,16.04.2025,344390.650192496,103831.546462217,4822af15-9ce9-449c-b921-06ccf19e2ea7,Besetzt
"164",Saatkrähe,"1",,16.04.2025,344370.635945553,103827.870124068,284c358b-1dfb-46fd-b04b-3ef82abbd72e,Besetzt
"165",Saatkrähe,"6",,16.04.2025,344381.143998285,103824.880865746,7e2f32a4-bafd-41da-9f38-f5bd2a7b3484,Besetzt
"166",Saatkrähe,"3",,16.04.2025,344425.155905219,103798.020350941,c6b82153-a0c1-4590-9473-740eab25d34c,Besetzt
"167",Saatkrähe,"2",,16.04.2025,344457.564979794,103816.276568866,7f03b502-5ab2-43a6-82bc-d48e4361de2b,Besetzt
"168",Saatkrähe,"1",,16.04.2025,344462.413462374,103816.544437646,93fc41b7-5039-4f85-b891-408b17ca3421,Besetzt
"169",Saatkrähe,"2",,16.04.2025,344396.213497361,103730.497132165,3280bc21-5684-43d4-ab02-2b6a7e398f6f,Besetzt
"170",Saatkrähe,"2",,16.04.2025,344401.280065705,103713.80994836,d4f8e537-f822-4dc8-9873-820c6811a148,Besetzt
"171",Saatkrähe,"2",,16.04.2025,344412.024347237,103715.348950929,6b6447c7-c11f-4d51-83a9-5fb7c429defe,Besetzt
"172",Saatkrähe,"1",,16.04.2025,344418.411012804,103700.689322191,d3945df0-7b49-4a5a-8dd3-20fb3147cd8b,Besetzt
"173",Saatkrähe,"1",,16.04.2025,344408.10944578,103691.003203132,531ccc11-2bac-4d01-acd8-ec4565cb2835,Besetzt
"174",Saatkrähe,"2",,16.04.2025,344409.531608373,103685.188621184,d7bd741e-3789-4505-a265-56b1a9df39aa,Besetzt
"175",Saatkrähe,"1",,16.04.2025,344432.631909568,103678.499394482,9d849109-2d4e-49aa-af01-3d7cc5d536ca,Besetzt
"176",Saatkrähe,"1",,16.04.2025,344412.340263894,103674.205085901,c808f925-017e-40d8-a2b3-b43ee9df1e0b,Besetzt
"177",Saatkrähe,"2",,16.04.2025,344414.368461003,103667.970666622,896361d7-88a2-4a6e-b0e0-f22e228c35d0,Besetzt
"178",Saatkrähe,"2",,16.04.2025,344424.747710701,103618.419914021,4fba945d-f39a-42f1-9c5f-3da1eaa73fc6,Besetzt
"179",Saatkrähe,"1",,16.04.2025,344438.180934031,103615.447842153,3d0c8e9c-7b23-40a5-990f-cde87554ed75,Besetzt
"180",Saatkrähe,"10",,16.04.2025,344440.017558643,103606.231945893,24193370-864a-4709-a950-b6359dd05a4a,Besetzt
"181",Saatkrähe,"1",,16.04.2025,344494.918377138,103689.555502083,c1b2bed5-63b6-4e71-aebd-7fb4d524a683,Besetzt
"182",Saatkrähe,"2",,16.04.2025,344436.803647604,103564.018994429,a22024ed-0a3a-4061-bee9-7a95b0b13bc2,Besetzt
"183",,"2",Aufgegeben ,16.04.2025,344429.037717712,103495.076014866,0f0bf3d1-7a1f-4ef1-a1f6-ad3dbff426ed,Verlassen
"184",Saatkrähe,"4",,16.04.2025,344387.416997556,104217.294501426,df61c9e8-233b-47e3-9f51-39139e473ac1,Besetzt
"185",Saatkrähe,"5",,16.04.2025,344386.802390683,104203.087343413,c0aaee85-6c67-4f8b-8b8e-a2ccd6604bb1,Besetzt
"186",Saatkrähe,"1",,16.04.2025,344370.0944199,103973.394316001,7ad83fb6-fafe-4703-a588-1f41e8a6367b,Besetzt
"187",Saatkrähe,"1",,16.04.2025,344399.717190661,103965.418027654,7b86e9e1-df85-428c-80ef-1bdb4e9b1a5f,Besetzt
"188",Saatkrähe,"1",,16.04.2025,344411.494332873,103965.691654791,1656a3f1-c3cc-4144-9643-1045fc4f3135,Besetzt
"189",Saatkrähe,"3",,16.04.2025,344394.26290144,103932.865885783,10ede842-e327-46b4-aeb8-d63d85e91d59,Besetzt
"190",Saatkrähe,"3",,16.04.2025,344429.264773511,103966.367924577,ca45caff-0523-4434-898b-0a8072b19c42,Besetzt
"191",Saatkrähe,"1",,16.04.2025,344440.413551802,103965.046577226,87585c25-64bc-4b42-8fc2-15630ff14802,Besetzt
"192",Saatkrähe,"3",,16.04.2025,344437.167004878,103956.805875705,6faa005a-9f77-4500-b691-b864e44b81ce,Besetzt
"193",Saatkrähe,"3",,16.04.2025,344448.96284122,103957.481051454,1a55ec09-49c5-40a0-8019-9866a6866274,Besetzt
"194",Saatkrähe,"1",,16.04.2025,344476.706321124,103956.575197951,339f94e3-b69d-424a-ba06-3932b98df8b0,Besetzt
"195",Saatkrähe,"1",,16.04.2025,344488.77190242,103956.751669485,9dc29384-076e-4e6b-af9c-ae727b59762f,Besetzt
"196",Saatkrähe,"3",,16.04.2025,344496.582830772,103956.139381459,61775e0b-76e5-4574-9e1b-f2e96c80c360,Besetzt
"197",Saatkrähe,"1",,16.04.2025,344494.039721745,103964.700436735,0d78bb20-93e0-4b77-a4b3-73121e886c4e,Besetzt
"198",Saatkrähe,"2",,16.04.2025,344504.277382802,103956.065930288,014b565d-af21-4fb0-b61e-130e1f082f82,Besetzt
"199",Saatkrähe,"1",,16.04.2025,344517.545838369,103965.135296401,faec1ab7-56f0-4a6d-a2e0-5493e2ed5c5d,Besetzt
"200",Saatkrähe,"1",,16.04.2025,344603.852779132,103949.409535088,a596d76f-55fc-4dc9-9670-34aaa2a826ac,Besetzt
"201",Saatkrähe,"1",,16.04.2025,344610.696265591,103949.192100594,1d0ccfac-e8e8-4815-9cd3-3e9827105b58,Besetzt
"202",Saatkrähe,"2",,16.04.2025,344630.442834667,103955.959890423,d63ef873-9153-4735-a61f-b191ef213bc6,Besetzt
"203",Saatkrähe,"6",,16.04.2025,344647.731186558,103948.847322084,9470f104-2e5f-4490-b4b3-a9ae50f45979,Besetzt
"204",Saatkrähe,"8",,16.04.2025,344896.614833016,103955.22179656,702c6d99-b5a6-41d9-a063-d18d13e0b495,Besetzt
"205",Saatkrähe,"2",,16.04.2025,344901.836085845,103951.563585787,7bdff2b7-65ac-47e4-83ad-1e13841e2309,Besetzt
"206",Saatkrähe,"3",,16.04.2025,344661.038274536,103930.259642953,fac38cc6-6206-4dec-9924-053c4c1b98ff,Besetzt
"207",Saatkrähe,"5",,16.04.2025,344653.874740792,103931.467017916,329f68e5-b3c7-46c1-ba47-9bc232d7fdad,Besetzt
"208",Saatkrähe,"3",,16.04.2025,344647.179099205,103937.156008605,81ea6f2c-8959-4be3-8f7a-e4eab8373b5d,Besetzt
"209",Saatkrähe,"4",,16.04.2025,344635.71347725,103937.531749532,c40c8fc3-b5e7-41f4-852a-7b2fb8cbcbc5,Besetzt
"210",Saatkrähe,"6",,16.04.2025,344645.782999223,103930.693634736,c5707b1f-1e6e-4252-afb1-8793c6d87aca,Besetzt
"211",Saatkrähe,"5",,16.04.2025,344631.620130078,103930.811581269,86aeeb24-fce5-4f6f-b206-1bc1abca6f15,Besetzt
"212",Saatkrähe,"2",,16.04.2025,344600.089535314,103931.627641265,3e2273f9-ea58-490d-966f-4d0614123643,Besetzt
"213",Saatkrähe,"1",,16.04.2025,344582.682727338,103930.577726767,99fb7346-1ffc-44fc-bcf9-1e520e17cd52,Besetzt
"214",Saatkrähe,"6",,16.04.2025,344536.821553071,103933.765935003,6d8ad065-332b-46e6-a638-415c079ec9ff,Besetzt
"215",Saatkrähe,"2",,16.04.2025,344505.654786553,103932.365545945,e47dc75d-a994-4bcd-81d1-a0124a333a5d,Besetzt
"216",Saatkrähe,"6",,16.04.2025,344498.419553709,103933.282239264,0680d3b5-9a21-4344-a52f-be73c06185cc,Besetzt
"217",Saatkrähe,"4",,16.04.2025,344489.829792549,103933.414272697,7586a8c4-19af-479e-a4b0-f9a1972efc26,Besetzt
"218",Saatkrähe,"1",,16.04.2025,344471.747404442,103940.379922378,de2056ec-b449-4463-819c-ee20b51865ec,Besetzt
"219",Saatkrähe,"4",,16.04.2025,344467.431465929,103932.857794103,dfe19e6b-4df5-4fee-81af-8d27201ad975,Besetzt
"220",Saatkrähe,"2",,16.04.2025,344436.292830513,103940.348594663,c26e7d25-83b4-4107-b268-2c48b19aee31,Besetzt
"221",Saatkrähe,"6",,16.04.2025,344432.015439637,103933.239951009,ea1a6e48-31a1-4f4e-9473-833ad9e99748,Besetzt
"222",Saatkrähe,"5",,16.04.2025,344386.403931291,103934.574824446,eb76e109-db33-4446-8b15-4fd1376a7b31,Besetzt
"223",Saatkrähe,"8",,16.04.2025,344381.943999502,103927.248004347,f854e66b-3acb-4a1c-83da-a3f41ab3b3b4,Besetzt
"226",Saatkrähe,"1",Nest zerfallen.,24.04.2025,346023.355570851,109513.342456755,c6759a08-dce1-4c57-986d-6b112e5b49fa,Verlassen
"227",Saatkrähe,"2",,24.04.2025,346294.536974855,109847.983476961,d8b9ae77-e47f-400d-a12c-8c2508282665,Besetzt
"228",Saatkrähe,"6",,23.04.2025,343340.254222993,104216.663511967,c07f894a-5204-4d98-ba01-0b5517e9a315,Besetzt
"229",Saatkrähe,"7",Schwer einsehbar ob besetzt,23.04.2025,343340.057993542,104224.300975452,0371c384-0112-4404-816e-a0f8d1feea5d,Besetzt
"230",Saatkrähe,"3",Schwer einsehbar ob besetzt,23.04.2025,343319.932220769,104232.696351458,ca5e1efd-001d-4bc2-926d-8684172cabd7,Besetzt
"231",Saatkrähe,"13",,23.04.2025,343326.804535783,104247.780166483,ece78ed3-e5a4-4a58-ae48-d703776ca298,Besetzt
"232",Saatkrähe,"1",,23.04.2025,343343.752689069,104240.507948801,1907f4f0-e2bb-44f2-ae7e-a85a6637beee,Besetzt
"233",Saatkrähe,"2",,23.04.2025,343344.863186121,104232.673679229,9577f305-30cd-4247-85b9-dd59fd8e517f,Besetzt
"234",Saatkrähe,"3",,23.04.2025,343351.414874123,104227.592778329,5ebbd1d1-6892-4e1a-8fc7-102fb36fcb04,Besetzt
"235",Saatkrähe,"3",,23.04.2025,343329.592791799,104241.568195044,a00f33a3-7125-4806-8cb8-ec62d3fa99d9,Besetzt
"236",Saatkrähe,"3",,23.04.2025,343312.752745882,104252.659501177,92f1821e-cc1d-449b-8347-2cc067751f83,Besetzt
"237",Saatkrähe,"10",,23.04.2025,343332.04217938,104253.449301365,a3baa298-a207-4e33-9769-dc9dffce6ecb,Besetzt
"238",Saatkrähe,"5",,23.04.2025,343302.055797925,104260.203300588,2bbd5190-f1b2-4e0e-bf9d-1472f69e2d4c,Besetzt
"239",Saatkrähe,"4",,23.04.2025,343304.800665204,104260.565445065,2f2e703a-e9cd-4270-ac71-a965c8c96e33,Besetzt
"240",Saatkrähe,"5",,23.04.2025,343297.635668385,104230.677262524,9965796e-ddfa-4074-92f8-cbc8faa243b1,Besetzt
"241",Saatkrähe,"1",,23.04.2025,343298.06997402,104225.4714218,95fbda61-6758-4e0a-a285-d14854efac8b,Besetzt
"242",Saatkrähe,"5",,23.04.2025,343317.197770767,104223.277698611,da5cf4d5-5f91-4af7-9e81-faab61967d83,Besetzt
"243",Saatkrähe,"1",,23.04.2025,343314.595421234,104218.386686834,65c819d5-04d7-4fb1-a220-1a32397513b7,Besetzt
"244",Saatkrähe,"2",,23.04.2025,343262.259008908,104247.796614587,02fa258b-2bbc-42a5-adb5-cd34e90b90f0,Besetzt
"245",Saatkrähe,"1",,23.04.2025,343277.633808428,104258.102768792,d9640726-dbe1-4dbe-b9f5-541788a81d48,Besetzt
"246",Saatkrähe,"4",,23.04.2025,343309.084505474,104342.262156765,12a1d991-ed44-4512-a428-2078b88751ed,Besetzt
"247",Saatkrähe,"8",Graureiher,23.04.2025,343309.257739244,104382.038730316,24a177fd-ab3f-4358-a21e-a3ea57ab4733,Besetzt
"248",Saatkrähe,"4",,23.04.2025,343317.737408987,104390.289219795,812c439a-e257-4170-8aec-85f4dbcbb279,Besetzt
"249",Saatkrähe,"2",,23.04.2025,343320.945932673,104381.580369789,c8991a8c-bae3-46d9-9aa8-4447d2eabefc,Besetzt
"250",Saatkrähe,"3",Ungewiss ob besetzt,23.04.2025,343313.418964941,104381.058348048,f20b9f06-ed72-4c9c-b91e-d7d47c379d6f,Besetzt
"251",Saatkrähe,"4",,23.04.2025,343318.115852882,104460.417731971,18eceb5b-036f-4997-a30a-943bd98c8212,Besetzt
"252",Saatkrähe,"2",,23.04.2025,343316.439271303,104448.673499935,110994ed-b100-49fb-858c-bf97c899a11a,Besetzt
"253",Saatkrähe,"3",,23.04.2025,343312.807753515,104454.127693155,a57221a0-0ec5-401f-b188-d0b91fb48bda,Besetzt
"254",Saatkrähe,"3",,23.04.2025,343305.902920162,104452.935878936,b70ff181-4787-4da8-b385-a1be3ba92667,Besetzt
"255",Saatkrähe,"4",,23.04.2025,343308.539569553,104454.461857147,92c4de36-ce8c-4e25-9c34-89d9d5fade70,Besetzt
"256",Saatkrähe,"6",,23.04.2025,343306.105318595,104443.334600493,39c21b1a-44cd-4ca4-b970-6daf8cdf0d46,Besetzt
"257",Saatkrähe,"2",,23.04.2025,343308.899038336,104444.31260938,90166e65-ee95-4da3-a056-5f1a161fcf31,Besetzt
"258",Saatkrähe,"1",,23.04.2025,343302.848856243,104445.552786206,63c53ff0-efe3-43f8-adfd-2637cd717edc,Besetzt
"259",Saatkrähe,"1",,23.04.2025,343303.798656797,104443.980820201,598b3bfc-addc-46a2-ab65-591ad06adc83,Besetzt
"260",Saatkrähe,"7",,23.04.2025,343305.664598082,104431.196817643,80ea5300-71b5-4847-87ec-53570653c4f5,Besetzt
"261",Saatkrähe,"4",,23.04.2025,343300.128047341,104428.832350784,f01c6866-9b42-4d50-8063-d63b58bf49c9,Besetzt
"262",Saatkrähe,"3",,23.04.2025,343300.330220595,104364.29569125,e00f9d8b-b0e0-457b-87bf-c9770e55d872,Besetzt
"263",Saatkrähe,"3",,23.04.2025,343291.676449459,104362.305051235,a21daa61-3d80-4499-9b0e-ab3decdbe4bb,Besetzt
"264",Saatkrähe,"3",,23.04.2025,343287.097934337,104356.463476622,dd4a93a4-4162-4ff6-9f79-84f8f47da387,Besetzt
"265",Saatkrähe,"1",,23.04.2025,343282.453629662,104362.140506209,77202f86-24e2-4e2f-80f3-2f43f27b5cb2,Besetzt
"266",Saatkrähe,"3",,23.04.2025,343281.905186578,104344.378156291,7539b643-e922-4997-9495-b3586a8a8d0b,Besetzt
"267",Saatkrähe,"5",,23.04.2025,343288.215114957,104341.233537224,9e1ac66e-151d-4f21-be2e-cfbf06eb0d22,Besetzt
"268",Saatkrähe,"2",,23.04.2025,343340.615882871,104269.122975956,781ce974-5265-40d1-a835-53e3879b272f,Besetzt
"269",Saatkrähe,"4",,23.04.2025,343327.252916946,104389.516119068,99435c07-06ef-4650-9240-968fe4c6c31c,Besetzt
"271",Saatkrähe,"1",,24.04.2025,345075.329755893,104223.577024358,bf6c365d-bc64-46b7-affe-65542ec10a28,Besetzt
"272",Saatkrähe,"1",,24.04.2025,345073.20202527,104219.298917757,0cbb599e-aadd-4cf1-b616-f94f5b52c818,Besetzt
"273",Saatkrähe,"1",,24.04.2025,345080.183967003,104223.142625719,81c5b25b-c715-41bc-80f5-d478c2707505,Besetzt
"274",Saatkrähe,"1",,24.04.2025,345079.86533228,104228.472450516,d30d8209-90b7-4b77-827d-dc46b21dce74,Besetzt
"275",Saatkrähe,"4",,24.04.2025,345065.663495343,104219.281111305,2375de30-bdbe-4638-a1a2-f3e7dafd62b4,Besetzt
"276",Saatkrähe,"1",,24.04.2025,345036.493288982,104229.724758312,9a64a001-a2ab-4d8e-8fc5-a06f01d34b68,Besetzt
"277",Saatkrähe,"2",,24.04.2025,345034.966407781,104240.255614163,7df4aab3-77a2-42dc-99cc-7f48d9846939,Besetzt
"278",Saatkrähe,"4",,24.04.2025,345599.704328469,102796.94077185,623af36f-449e-4d0b-b98b-89b1d2b8acf6,Besetzt
"279",Saatkrähe,"5",,24.04.2025,345587.155046214,102782.957230029,d5de9d54-0b3b-4342-be7a-9dc715cb6bd0,Besetzt
"280",Saatkrähe,"1",,24.04.2025,345578.792757521,102796.814746491,8d4271ce-94b5-4578-80ff-028642f3b30a,Besetzt
"281",Saatkrähe,"1",,24.04.2025,345562.489453517,102811.519093082,5c343d5a-c00c-42a4-ac31-323718d808e7,Besetzt
"282",Saatkrähe,"3",,24.04.2025,345512.364094628,102762.996718707,4398e526-5b7d-4d2b-9d05-a605e87c9026,Besetzt
"283",Saatkrähe,"1",,24.04.2025,345515.418156029,102821.483640175,086b8f39-af95-4664-8068-4704ecc08087,Besetzt
"284",Saatkrähe,"1",,24.04.2025,345500.899899705,102821.154924938,f6217e5f-7249-4659-9e6b-0fa570abdf70,Besetzt
"285",Saatkrähe,"4",,24.04.2025,345473.478211746,102897.034204383,ed4a72e5-2fef-407d-87b8-7cd6bc4f481e,Besetzt
"286",Saatkrähe,"1",,24.04.2025,345468.625021612,102897.365176424,dba3780e-e1c1-485c-90e8-f61c2f62659d,Besetzt
"287",Saatkrähe,"4",,24.04.2025,345190.672596508,102946.456316992,bc9e08c3-2ee9-4f65-ac17-18f7b892a85e,Besetzt
"288",Saatkrähe,"2",,24.04.2025,345271.3388328,102922.566225305,5b0632c2-e519-41a0-84f1-3b82306f1542,Besetzt
"289",Saatkrähe,"2",,24.04.2025,345267.896357551,102925.461418897,db3d4317-f095-49a7-9abd-dac313412943,Besetzt
"290",Saatkrähe,"3",,24.04.2025,345260.18173164,102934.883490588,23dd4ecf-e68c-43c3-a40b-054fda249af7,Besetzt
"291",Saatkrähe,"1",,24.04.2025,345252.409210739,102832.678947388,02f39485-efc7-477f-bd71-fb2d3015b79a,Besetzt
"292",Saatkrähe,"3",,24.04.2025,345232.035813325,102831.610854209,ba1d1d6f-5e22-4ed4-bad2-08ba597c6eee,Besetzt
"293",Saatkrähe,"4",,24.04.2025,345237.400750878,102817.503576021,7b9328f8-6b9c-45b8-911b-bb544549dd4d,Besetzt
"294",Saatkrähe,"4",,24.04.2025,345245.296628979,102803.656562251,146a2349-feee-4b67-9a5d-6ae332098a5a,Besetzt
"295",Saatkrähe,"2",,24.04.2025,345246.51183436,102788.012239274,0a5aae0c-cf0a-44ee-82b0-9ee2bbf014bf,Besetzt
"296",Saatkrähe,"1",,24.04.2025,345059.925390158,102824.08647755,e03fd998-678d-4b3d-92f1-ee2e88e834d2,Besetzt
